model,task,sparsity,achieved_sparsity,accuracy,precision,recall,f1_score,memory_size_mb,nominal_bits,effective_bits,latency_ms,throughput_samples_per_sec
bert-base,wnli,0.0,,0.5633802816901409,0.3173973417972625,0.5633802816901409,0.4060398426595609,417.6552810668945,32,32.0,112.77395426667076,141.8767312367679
bert-base,wnli,0.1,0.1000000046769394,0.5211267605633803,0.3065451532725766,0.5211267605633803,0.386019822639541,417.6552810668945,32,28.799999850337937,27.984678966663523,571.74141676093
bert-base,wnli,0.2,0.19999999766153026,0.5633802816901409,0.3173973417972625,0.5633802816901409,0.40603984265956095,417.65528106689453,32,25.60000007483103,27.44378823333591,583.0098914903022
bert-base,wnli,0.3,0.30000000233846974,0.5633802816901409,0.3173973417972625,0.5633802816901409,0.40603984265956095,417.65528106689453,32,22.39999992516897,27.47150946666655,582.421581872453
bert-base,wnli,0.4,0.3999999953230605,0.5352112676056338,0.31026740151051235,0.5352112676056338,0.3928156092518414,417.65528106689453,32,19.200000149662063,27.39537786666612,584.0401281512646
bert-base,wnli,0.5,0.5,0.43661971830985913,0.19063677841698073,0.43661971830985913,0.2653962993648163,417.65528106689453,32,16.0,27.189563333339112,588.4610872136085
bert-base,wnli,0.6,0.6000000046769395,0.43661971830985913,0.19063677841698073,0.43661971830985913,0.2653962993648163,417.65528106689453,32,12.799999850337937,27.076020833336162,590.9287815401849
bert-base,wnli,0.7,0.6999999976615303,0.5633802816901409,0.3173973417972625,0.5633802816901409,0.40603984265956095,417.65528106689453,32,9.60000007483103,26.951360633332417,593.662049856281
bert-base,wnli,0.8,0.8000000023384697,0.5633802816901409,0.3173973417972625,0.5633802816901409,0.40603984265956095,417.65528106689453,32,6.39999992516897,26.867313400005816,595.5191634455173
bert-base,wnli,0.9,0.8999999953230605,0.43661971830985913,0.19063677841698073,0.43661971830985913,0.2653962993648163,417.65528106689453,32,3.2000001496620634,26.625164766672544,600.9352482966657
bert-base,wnli,0.95,0.9499999976615303,0.5633802816901409,0.3173973417972625,0.5633802816901409,0.40603984265956095,417.65528106689453,32,1.60000007483103,26.501144466669757,603.7475106074401
bert-base,wnli,0.99,0.9900000018707757,0.5633802816901409,0.3173973417972625,0.5633802816901409,0.40603984265956095,417.65528106689453,32,0.3199999401351761,26.307250066671862,608.1973585019471
distilbert,wnli,0.0,,0.5633802816901409,0.3173973417972625,0.5633802816901409,0.40603984265956095,255.41699981689453,32,32.0,18.2668425666634,875.9039741876169
distilbert,wnli,0.1,0.10000000464482336,0.5633802816901409,0.3173973417972625,0.5633802816901409,0.40603984265956095,255.41699981689453,32,28.79999985136565,17.33258759998838,923.1166383956847
distilbert,wnli,0.2,0.20000000928964673,0.5633802816901409,0.3173973417972625,0.5633802816901409,0.40603984265956095,255.41699981689453,32,25.599999702731303,17.462137633325863,916.2681188278218
distilbert,wnli,0.3,0.29999999071035327,0.5633802816901409,0.3173973417972625,0.5633802816901409,0.40603984265956095,255.41699981689453,32,22.400000297268697,17.275926933325536,926.1442272678144
distilbert,wnli,0.4,0.39999999535517666,0.5633802816901409,0.3173973417972625,0.5633802816901409,0.40603984265956095,255.41699981689453,32,19.200000148634345,17.80288779999258,898.7305980778393
distilbert,wnli,0.5,0.5,0.5633802816901409,0.3173973417972625,0.5633802816901409,0.40603984265956095,255.41699981689453,32,16.0,19.00526350000291,841.8720424474803
distilbert,wnli,0.6,0.6000000046448234,0.5633802816901409,0.3173973417972625,0.5633802816901409,0.40603984265956095,255.41699981689453,32,12.799999851365651,18.009312133335698,888.4292682330488
distilbert,wnli,0.7,0.7000000092896467,0.43661971830985913,0.19063677841698073,0.43661971830985913,0.2653962993648163,255.41699981689453,32,9.599999702731306,18.12790793333079,882.6170156447937
distilbert,wnli,0.8,0.7999999907103533,0.43661971830985913,0.19063677841698073,0.43661971830985913,0.2653962993648163,255.41699981689453,32,6.400000297268694,17.83037389999057,897.3451756953041
distilbert,wnli,0.9,0.8999999953551766,0.5633802816901409,0.3173973417972625,0.5633802816901409,0.40603984265956095,255.41699981689453,32,3.2000001486343486,16.723950499999773,956.7117530035871
distilbert,wnli,0.95,0.9500000092896467,0.5633802816901409,0.3173973417972625,0.5633802816901409,0.40603984265956095,255.41699981689453,32,1.5999997027313064,16.723796533324276,956.7205609155781
distilbert,wnli,0.99,0.9899999972131059,0.5633802816901409,0.3173973417972625,0.5633802816901409,0.40603984265956095,255.41699981689453,32,0.32000008918060985,16.639434933328324,961.571114891194
distilbert,rte,0.0,,0.6101083032490975,0.6161424046152757,0.6101083032490975,0.5951231495524747,255.41699981689453,32,32.0,17.190716100003556,930.734933142005
distilbert,rte,0.1,0.10000000464482336,0.6137184115523465,0.6198008264611753,0.6137184115523465,0.5994564868875945,255.41699981689453,32,28.79999985136565,17.13881499999843,933.5534574590755
distilbert,rte,0.2,0.20000000928964673,0.6064981949458483,0.610707600328539,0.6064981949458483,0.5931213326572222,255.41699981689453,32,25.599999702731303,17.207286033332515,929.8386723511271
distilbert,rte,0.3,0.29999999071035327,0.6137184115523465,0.6148185767606927,0.6137184115523465,0.6063358167615414,255.41699981689453,32,22.400000297268697,17.191142700009248,930.7118368572087
distilbert,rte,0.4,0.39999999535517666,0.6173285198555957,0.6195078177660336,0.6173285198555957,0.608751258447774,255.41699981689453,32,19.200000148634345,17.09460450000127,935.967837103152
distilbert,rte,0.5,0.5,0.5487364620938628,0.5739915260431356,0.5487364620938628,0.5304009439396383,255.41699981689453,32,16.0,17.03220593334057,939.3968146357353
distilbert,rte,0.6,0.6000000046448234,0.4693140794223827,0.4333828838394564,0.4693140794223827,0.31438061574792214,255.41699981689453,32,12.799999851365651,17.030630533326985,939.4837125196182
distilbert,rte,0.7,0.7000000092896467,0.4729241877256318,0.22365728733594858,0.4729241877256318,0.3036915127061655,255.41699981689453,32,9.599999702731306,16.901747233335602,946.6476914554094
distilbert,rte,0.8,0.7999999907103533,0.48014440433212996,0.514392673025327,0.48014440433212996,0.3672593533910849,255.41699981689453,32,6.400000297268694,16.72039200000957,956.9153641846938
distilbert,rte,0.9,0.8999999953551766,0.4729241877256318,0.22365728733594858,0.4729241877256318,0.3036915127061655,255.41699981689453,32,3.2000001486343486,16.639260833320197,961.5811760075258
distilbert,rte,0.95,0.9500000092896467,0.4729241877256318,0.22365728733594858,0.4729241877256318,0.3036915127061655,255.41699981689453,32,1.5999997027313064,16.684431233337214,958.9778504424144
distilbert,rte,0.99,0.9899999972131059,0.4729241877256318,0.22365728733594858,0.4729241877256318,0.3036915127061655,255.41699981689453,32,0.32000008918060985,20.317669366674334,787.4918973848296
bert-base,rte,0.0,,0.6714801444043321,0.6715671303079767,0.6714801444043321,0.669530574516584,417.65528106689453,32,32.0,28.8691589666693,554.2246664848359
bert-base,rte,0.1,0.10000000467693947,0.6642599277978339,0.6648797802678669,0.6642599277978339,0.6613900127932343,417.65528106689453,32,28.799999850337937,29.020477533322264,551.3348283682884
bert-base,rte,0.2,0.19999999766153026,0.6570397111913358,0.6602596851014775,0.6570397111913358,0.6511886645891156,417.65528106689453,32,25.60000007483103,27.412741066670304,583.6701977772501
bert-base,rte,0.3,0.30000000233846974,0.6714801444043321,0.673345327469182,0.6714801444043321,0.6676662856835961,417.65528106689453,32,22.39999992516897,27.41400940000555,583.6431937605144
bert-base,rte,0.4,0.3999999953230605,0.6606498194945848,0.6606715227758496,0.6606498194945848,0.6584283316695047,417.65528106689453,32,19.200000149662063,29.229399233327058,547.3940765007912
bert-base,rte,0.5,0.5,0.5776173285198556,0.6209209315495151,0.5776173285198556,0.5532410151409021,417.65528106689453,32,16.0,28.548819966666393,560.4434795792472
bert-base,rte,0.6,0.6000000046769395,0.4729241877256318,0.22365728733594858,0.4729241877256318,0.3036915127061655,417.65528106689453,32,12.799999850337937,29.32763310000155,545.5605621307079
bert-base,rte,0.7,0.6999999976615303,0.4729241877256318,0.48423586040914557,0.4729241877256318,0.417396083907259,417.65528106689453,32,9.60000007483103,27.01360086666682,592.294232781941
bert-base,rte,0.8,0.8000000023384697,0.5270758122743683,0.2778089118846851,0.5270758122743683,0.3638442959435355,417.65528106689453,32,6.39999992516897,26.869895733337522,595.4619310319383
bert-base,rte,0.9,0.8999999953230605,0.4729241877256318,0.22365728733594858,0.4729241877256318,0.3036915127061655,417.65528106689453,32,3.2000001496620634,26.75319893332926,598.0593214244419
bert-base,rte,0.95,0.9499999976615303,0.5270758122743683,0.2778089118846851,0.5270758122743683,0.3638442959435355,417.65528106689453,32,1.60000007483103,26.639674033337236,600.6079496309673
bert-base,rte,0.99,0.9900000018707757,0.5270758122743683,0.2778089118846851,0.5270758122743683,0.3638442959435355,417.65528106689453,32,0.3199999401351761,26.39116519999334,606.2634930572917
distilbert,mrpc,0.0,,0.8553921568627451,0.8538416884972613,0.8553921568627451,0.8507347365804588,255.41699981689453,32,32.0,17.09723143332364,935.8240287263667
distilbert,mrpc,0.1,0.10000000464482336,0.8504901960784313,0.8489763552479815,0.8504901960784313,0.8452028363793069,255.41699981689453,32,28.79999985136565,16.996438899999095,941.3736662213901
distilbert,mrpc,0.2,0.20000000928964673,0.8578431372549019,0.855473843954861,0.8578431372549019,0.8551250171505813,255.41699981689453,32,25.599999702731303,16.971427166678648,942.7610207946491
distilbert,mrpc,0.3,0.29999999071035327,0.8406862745098039,0.8417543400759513,0.8406862745098039,0.8411712929968508,255.41699981689453,32,22.400000297268697,17.00405739999648,940.9518930466156
distilbert,mrpc,0.4,0.39999999535517666,0.8357843137254902,0.8354500393907562,0.8357843137254902,0.8356117113948451,255.41699981689453,32,19.200000148634345,17.566676233339727,910.8154432557744
distilbert,mrpc,0.5,0.5,0.6495098039215687,0.7817006641366224,0.6495098039215687,0.6573220993683782,255.41699981689453,32,16.0,18.761653799992928,852.8032853908663
distilbert,mrpc,0.6,0.6000000046448234,0.3161764705882353,0.0999675605536332,0.3161764705882353,0.15190601380216892,255.41699981689453,32,12.799999851365651,16.660109566676812,960.377837610555
distilbert,mrpc,0.7,0.7000000092896467,0.3161764705882353,0.0999675605536332,0.3161764705882353,0.15190601380216892,255.41699981689453,32,9.599999702731306,19.93468753333521,802.6210580549334
distilbert,mrpc,0.8,0.7999999907103533,0.49019607843137253,0.6199322839139589,0.49019607843137253,0.4967722938231896,255.41699981689453,32,6.400000297268694,18.41151293333496,869.0214681397097
distilbert,mrpc,0.9,0.8999999953551766,0.3161764705882353,0.0999675605536332,0.3161764705882353,0.15190601380216892,255.41699981689453,32,3.2000001486343486,16.40653486667058,975.2211621787095
distilbert,mrpc,0.95,0.9500000092896467,0.3161764705882353,0.0999675605536332,0.3161764705882353,0.15190601380216892,255.41699981689453,32,1.5999997027313064,16.779677300003947,953.5344282214676
distilbert,mrpc,0.99,0.9899999972131059,0.3161764705882353,0.0999675605536332,0.3161764705882353,0.15190601380216892,255.41699981689453,32,0.32000008918060985,16.263058533331787,983.8247810033619
bert-base,mrpc,0.0,,0.8872549019607843,0.8859124670222305,0.8872549019607843,0.8856918120264794,417.65528106689453,32,32.0,31.97933890000968,500.3230382600297
bert-base,mrpc,0.1,0.10000000467693947,0.8872549019607843,0.8859124670222305,0.8872549019607843,0.8856918120264794,417.65528106689453,32,28.799999850337937,30.00597393333919,533.2271512181326
bert-base,mrpc,0.2,0.19999999766153026,0.8725490196078431,0.8712555072042625,0.8725490196078431,0.8693989706609286,417.65528106689453,32,25.60000007483103,36.99822886666577,432.4531333016185
bert-base,mrpc,0.3,0.30000000233846974,0.8799019607843137,0.8817943086325439,0.8799019607843137,0.875264146410519,417.65528106689453,32,22.39999992516897,28.58219110000088,559.7891338708287
bert-base,mrpc,0.4,0.3999999953230605,0.8112745098039216,0.8292204599863201,0.8112745098039216,0.7893395409045612,417.65528106689453,32,19.200000149662063,27.640666366672427,578.8572456158984
bert-base,mrpc,0.5,0.5,0.7181372549019608,0.7813719237695077,0.7181372549019608,0.6320415776156806,417.65528106689453,32,16.0,27.747580100003688,576.6268605166716
bert-base,mrpc,0.6,0.6000000046769395,0.7181372549019608,0.7382429534313726,0.7181372549019608,0.643739094431136,417.65528106689453,32,12.799999850337937,27.729252966673812,577.0079713012635
bert-base,mrpc,0.7,0.6999999976615303,0.3161764705882353,0.0999675605536332,0.3161764705882353,0.15190601380216892,417.65528106689453,32,9.60000007483103,31.260896399999183,511.8215356102334
bert-base,mrpc,0.8,0.8000000023384697,0.3161764705882353,0.0999675605536332,0.3161764705882353,0.15190601380216892,417.65528106689453,32,6.39999992516897,33.75510756667002,474.0023407834874
bert-base,mrpc,0.9,0.8999999953230605,0.6838235294117647,0.46761461937716264,0.6838235294117647,0.5554199845877216,417.65528106689453,32,3.2000001496620634,30.005509600005098,533.2354028740535
bert-base,mrpc,0.95,0.9499999976615303,0.6838235294117647,0.46761461937716264,0.6838235294117647,0.5554199845877216,417.65528106689453,32,1.60000007483103,26.58327600000424,601.8821758461015
bert-base,mrpc,0.99,0.9900000018707757,0.6838235294117647,0.46761461937716264,0.6838235294117647,0.5554199845877216,417.65528106689453,32,0.3199999401351761,26.848280966669336,595.9413200369559
distilbert,stsb,0.0,,0.8672850337646851,,,,255.41406631469727,32,32.0,16.990210500004345,941.7187621069148
distilbert,stsb,0.1,0.1,0.867069163512395,,,,255.41406631469727,32,28.8,16.98037103333263,942.2644516183921
distilbert,stsb,0.2,0.2,0.8657274871034385,,,,255.41406631469727,32,25.6,17.015601633329425,940.313504322991
distilbert,stsb,0.3,0.3,0.863978934756849,,,,255.41406631469727,32,22.4,17.30161916666475,924.768939015107
distilbert,stsb,0.4,0.4,0.857085387297275,,,,255.41406631469727,32,19.2,17.12493696666873,934.310008331227
distilbert,stsb,0.5,0.5,0.7995718301462134,,,,255.41406631469727,32,16.0,17.1119893000044,935.0169474449056
distilbert,stsb,0.6,0.6,0.5726190838599463,,,,255.41406631469727,32,12.8,17.036416200001742,939.1646583509954
distilbert,stsb,0.7,0.7,0.1945154044255099,,,,255.41406631469727,32,9.600000000000001,16.927606666664968,945.2015465073587
distilbert,stsb,0.8,0.8,0.03401007228083215,,,,255.41406631469727,32,6.399999999999999,16.965747300006722,943.076642429636
distilbert,stsb,0.9,0.9,,,,,255.41406631469727,32,3.1999999999999993,17.31630040000406,923.9848946023278
distilbert,stsb,0.95,0.95,,,,,255.41406631469727,32,1.6000000000000014,16.740043433325507,955.7920242995157
distilbert,stsb,0.99,0.9900000046449062,,,,,255.41406631469727,32,0.3199998513630007,16.567676433320838,965.735905357306
bert-base,stsb,0.0,,0.8862107862196297,,,,417.65234756469727,32,32.0,28.333847899997032,564.6956268160696
bert-base,stsb,0.1,0.10000000233849074,0.8868001142524592,,,,417.65234756469727,32,28.799999925168297,28.457896700001584,562.2341021428723
bert-base,stsb,0.2,0.20000000467698148,0.8874247154891466,,,,417.65234756469727,32,25.599999850336594,32.48409056667091,492.5488053039787
bert-base,stsb,0.3,0.2999999953230185,0.8839039561047373,,,,417.65234756469727,32,22.400000149663406,28.1976385666591,567.4234018631051
bert-base,stsb,0.4,0.3999999976615093,0.8725752041696214,,,,417.65234756469727,32,19.200000074831703,27.639010466676456,578.8919259352909
bert-base,stsb,0.5,0.5,0.827120906624667,,,,417.65234756469727,32,16.0,30.34542046666502,527.2624255635635
bert-base,stsb,0.6,0.6000000023384907,0.5714468683657312,,,,417.65234756469727,32,12.799999925168297,33.30221176665873,480.44856936555686
bert-base,stsb,0.7,0.7000000046769814,0.09113516848366607,,,,417.65234756469727,32,9.599999850336594,27.57418979999784,580.2527695664608
bert-base,stsb,0.8,0.7999999953230186,0.0998511014214393,,,,417.65234756469727,32,6.400000149663406,27.410578100004084,583.7162551488695
bert-base,stsb,0.9,0.8999999976615093,,,,,417.65234756469727,32,3.200000074831703,26.9612628999918,593.4440111113959
bert-base,stsb,0.95,0.9500000046769814,,,,,417.65234756469727,32,1.5999998503365944,26.517575166659906,603.3734193055678
bert-base,stsb,0.99,0.9900000056123778,,,,,417.65234756469727,32,0.3199998204039112,26.06412926666053,613.8704975065527
distilbert,cola,0.0,,0.8044103547459253,0.7983850924055627,0.8044103547459253,0.7985124035091737,255.41699981689453,32,32.0,17.05952989999181,937.8921983077438
distilbert,cola,0.1,0.10000000464482336,0.8024928092042186,0.796204450404867,0.8024928092042186,0.7960436261239047,255.41699981689453,32,28.79999985136565,16.93761153334587,944.6432260239321
distilbert,cola,0.2,0.20000000928964673,0.7948226270373921,0.7876412056753176,0.7948226270373921,0.786232164276033,255.41699981689453,32,25.599999702731303,16.934477700002997,944.8180382910285
distilbert,cola,0.3,0.29999999071035327,0.7938638542665388,0.7866002240327428,0.7938638542665388,0.7856533417184735,255.41699981689453,32,22.400000297268697,16.862386833342192,948.8573686592821
distilbert,cola,0.4,0.39999999535517666,0.775647171620326,0.7731178377391225,0.775647171620326,0.7742329817833173,255.41699981689453,32,19.200000148634345,16.834201299995282,950.446042248793
distilbert,cola,0.5,0.5,0.473633748801534,0.7526402653432794,0.473633748801534,0.44309471981679377,255.41699981689453,32,16.0,18.922526866678403,845.5530338379477
distilbert,cola,0.6,0.6000000046448234,0.3087248322147651,0.09531102202603486,0.3087248322147651,0.14565479263465841,255.41699981689453,32,12.799999851365651,16.793345033329388,952.7583675703171
distilbert,cola,0.7,0.7000000092896467,0.6912751677852349,0.47786135759650467,0.6912751677852349,0.5650900181101524,255.41699981689453,32,9.599999702731306,16.682182166672042,959.1071383913481
distilbert,cola,0.8,0.7999999907103533,0.6912751677852349,0.47786135759650467,0.6912751677852349,0.5650900181101524,255.41699981689453,32,6.400000297268694,16.601020799998878,963.7961540293403
distilbert,cola,0.9,0.8999999953551766,0.6912751677852349,0.47786135759650467,0.6912751677852349,0.5650900181101524,255.41699981689453,32,3.2000001486343486,16.52004240001285,968.5205166293977
distilbert,cola,0.95,0.9500000092896467,0.6912751677852349,0.47786135759650467,0.6912751677852349,0.5650900181101524,255.41699981689453,32,1.5999997027313064,16.58318736666236,964.8326130696225
distilbert,cola,0.99,0.9899999972131059,0.6912751677852349,0.47786135759650467,0.6912751677852349,0.5650900181101524,255.41699981689453,32,0.32000008918060985,16.367675566668066,977.5364824913308
bert-base,cola,0.0,,0.8312559923298178,0.827576925723864,0.8312559923298178,0.8248728348581026,417.65528106689453,32,32.0,28.833744033333158,554.9053907637958
bert-base,cola,0.1,0.10000000467693947,0.8302972195589645,0.8273210912955434,0.8302972195589645,0.8226022498248492,417.65528106689453,32,28.799999850337937,32.04134556666152,499.35480913909333
bert-base,cola,0.2,0.19999999766153026,0.822627037392138,0.8201979103441039,0.822627037392138,0.8127621584021403,417.65528106689453,32,25.60000007483103,31.708288966668377,504.5999176057444
bert-base,cola,0.3,0.30000000233846974,0.8149568552253116,0.8140972402387008,0.8149568552253116,0.8019911396439788,417.65528106689453,32,22.39999992516897,27.44533509997685,582.9770320426329
bert-base,cola,0.4,0.3999999953230605,0.8044103547459253,0.7984286414758971,0.8044103547459253,0.7954032854255013,417.65528106689453,32,19.200000149662063,27.757225700012594,576.4264834288804
bert-base,cola,0.5,0.5,0.6059443911792906,0.7827375680046615,0.6059443911792906,0.6102024723515035,417.65528106689453,32,16.0,27.42705506667941,583.3655841322201
bert-base,cola,0.6,0.6000000046769395,0.3096836049856184,0.5561392187231112,0.3096836049856184,0.1493414775620173,417.65528106689453,32,12.799999850337937,27.4336676333102,583.2249706405519
bert-base,cola,0.7,0.6999999976615303,0.3087248322147651,0.09531102202603486,0.3087248322147651,0.14565479263465841,417.65528106689453,32,9.60000007483103,27.330707999984345,585.4220827359893
bert-base,cola,0.8,0.8000000023384697,0.3087248322147651,0.09531102202603486,0.3087248322147651,0.14565479263465841,417.65528106689453,32,6.39999992516897,27.103811800013016,590.3228711170551
bert-base,cola,0.9,0.8999999953230605,0.6912751677852349,0.47786135759650467,0.6912751677852349,0.5650900181101524,417.65528106689453,32,3.2000001496620634,26.914179166669783,594.4821835701466
bert-base,cola,0.95,0.9499999976615303,0.6912751677852349,0.47786135759650467,0.6912751677852349,0.5650900181101524,417.65528106689453,32,1.60000007483103,26.924714800012833,594.2495628585962
bert-base,cola,0.99,0.9900000018707757,0.6912751677852349,0.47786135759650467,0.6912751677852349,0.5650900181101524,417.65528106689453,32,0.3199999401351761,26.538969400007772,602.8870133892733
distilbert,sst2,0.0,,0.9128440366972477,0.9128600625394009,0.9128440366972477,0.9128472469123163,255.41699981689453,32,32.0,17.03606046664087,939.1842692346842
distilbert,sst2,0.1,0.10000000464482336,0.9094036697247706,0.9094765781559317,0.9094036697247706,0.9094102237701012,255.41699981689453,32,28.79999985136565,16.980026766668743,942.2835558426501
distilbert,sst2,0.2,0.20000000928964673,0.9071100917431193,0.9073187452628104,0.9071100917431193,0.9071177884349987,255.41699981689453,32,25.599999702731303,16.96866023333617,942.9147487181594
distilbert,sst2,0.3,0.29999999071035327,0.908256880733945,0.90886865601776,0.908256880733945,0.908256880733945,255.41699981689453,32,22.400000297268697,17.017219033338428,940.2241323129474
distilbert,sst2,0.4,0.39999999535517666,0.9059633027522935,0.9068973871139248,0.9059633027522935,0.9059534089432698,255.41699981689453,32,19.200000148634345,16.966498766669247,943.0348724294291
distilbert,sst2,0.5,0.5,0.8887614678899083,0.8973093373418198,0.8887614678899083,0.8883270334999878,255.41699981689453,32,16.0,16.92868153334833,945.1415320490913
distilbert,sst2,0.6,0.6000000046448234,0.8279816513761468,0.8460303896184028,0.8279816513761468,0.8261474828524872,255.41699981689453,32,12.799999851365651,16.88077416668724,947.8238285762172
distilbert,sst2,0.7,0.7000000092896467,0.805045871559633,0.806438255035125,0.805045871559633,0.8046508610841101,255.41699981689453,32,9.599999702731306,16.625541599993692,962.3746633316338
distilbert,sst2,0.8,0.7999999907103533,0.5573394495412844,0.7162254505396148,0.5573394495412844,0.44980282003638755,255.41699981689453,32,6.400000297268694,16.705223600001773,957.7842465992675
distilbert,sst2,0.9,0.8999999953551766,0.4908256880733945,0.24090985607272117,0.4908256880733945,0.32318983768525056,255.41699981689453,32,3.2000001486343486,16.69734840000577,958.2359795519671
distilbert,sst2,0.95,0.9500000092896467,0.4908256880733945,0.24090985607272117,0.4908256880733945,0.32318983768525056,255.41699981689453,32,1.5999997027313064,16.691588666678093,958.5666361369942
distilbert,sst2,0.99,0.9899999972131059,0.4908256880733945,0.24090985607272117,0.4908256880733945,0.32318983768525056,255.41699981689453,32,0.32000008918060985,16.49516410000918,969.9812565060262
bert-base,sst2,0.0,,0.9288990825688074,0.92915463241652,0.9288990825688074,0.9289046932300385,417.65528106689453,32,32.0,27.537727933304268,581.0210645828016
bert-base,sst2,0.1,0.10000000467693947,0.9288990825688074,0.9290674185674606,0.9288990825688074,0.928905067494517,417.65528106689453,32,28.799999850337937,28.870721333320642,554.1946740878233
bert-base,sst2,0.2,0.19999999766153026,0.9288990825688074,0.92915463241652,0.9288990825688074,0.9289046932300385,417.65528106689453,32,25.60000007483103,31.030165099946316,515.6272919742757
bert-base,sst2,0.3,0.30000000233846974,0.9231651376146789,0.9232968498850527,0.9231651376146789,0.9231715042820868,417.65528106689453,32,22.39999992516897,31.487516433298875,508.13788486282704
bert-base,sst2,0.4,0.3999999953230605,0.9151376146788991,0.9157540246239552,0.9151376146788991,0.9151376146788991,417.65528106689453,32,19.200000149662063,27.650001933337382,578.6618040235625
bert-base,sst2,0.5,0.5,0.8830275229357798,0.8864668224055997,0.8830275229357798,0.8828797308909716,417.65528106689453,32,16.0,28.122871366698142,568.9319483552626
bert-base,sst2,0.6,0.6000000046769395,0.8027522935779816,0.8217631234048424,0.8027522935779816,0.8003537883043126,417.65528106689453,32,12.799999850337937,27.314006866678632,585.7800387214148
bert-base,sst2,0.7,0.6999999976615303,0.49655963302752293,0.7514734981958244,0.49655963302752293,0.33577786001725035,417.65528106689453,32,9.60000007483103,29.34333510002034,545.2686255826765
bert-base,sst2,0.8,0.8000000023384697,0.4908256880733945,0.24090985607272117,0.4908256880733945,0.32318983768525056,417.65528106689453,32,6.39999992516897,30.057986600028624,532.3044491604359
bert-base,sst2,0.9,0.8999999953230605,0.5080275229357798,0.4855677319231057,0.5080275229357798,0.3548894530880854,417.65528106689453,32,3.2000001496620634,28.476978199978475,561.8573672965094
bert-base,sst2,0.95,0.9499999976615303,0.4908256880733945,0.24090985607272117,0.4908256880733945,0.32318983768525056,417.65528106689453,32,1.60000007483103,27.043188033288363,591.6462208636447
bert-base,sst2,0.99,0.9900000018707757,0.4908256880733945,0.24090985607272117,0.4908256880733945,0.32318983768525056,417.65528106689453,32,0.3199999401351761,26.476568966669827,604.307907876647
bert-base,qnli,0.0,,0.9183598755262676,0.9184356701387515,0.9183598755262676,0.9183622007742595,417.65528106689453,32,32.0,29.82585446667751,536.4473302139847
bert-base,qnli,0.1,0.10000000467693947,0.9176276771004942,0.9176677348223872,0.9176276771004942,0.9176299956481391,417.65528106689453,32,28.799999850337937,30.506022733334248,524.4865953147223
bert-base,qnli,0.2,0.19999999766153026,0.9152480322167308,0.9155524518026913,0.9152480322167308,0.915245612697492,417.65528106689453,32,25.60000007483103,31.103071466653397,514.4186488834106
bert-base,qnli,0.3,0.30000000233846974,0.9086582463847702,0.9096766018365202,0.9086582463847702,0.9086281184058577,417.65528106689453,32,22.39999992516897,29.39561216668759,544.2989215285643
bert-base,qnli,0.4,0.3999999953230605,0.8963939227530661,0.9016143089241675,0.8963939227530661,0.8961271287467527,417.65528106689453,32,19.200000149662063,28.472274533305608,561.9501870594816
bert-base,qnli,0.5,0.5,0.8050521691378364,0.8476053496375316,0.8050521691378364,0.7993592239501686,417.65528106689453,32,16.0,28.155644066646346,568.2697210593691
bert-base,qnli,0.6,0.6000000046769395,0.4964305326743548,0.7083602946161756,0.4964305326743548,0.33172086239069193,417.65528106689453,32,12.799999850337937,27.985052099999542,571.7337935561771
bert-base,qnli,0.7,0.6999999976615303,0.4946000366099213,0.2446291962145355,0.4946000366099213,0.3273507162082076,417.65528106689453,32,9.60000007483103,28.01964829999027,571.0278668988702
bert-base,qnli,0.8,0.8000000023384697,0.49441698700347797,0.4130490901495844,0.49441698700347797,0.3275943465122257,417.65528106689453,32,6.39999992516897,27.856511566672754,574.3719906099885
bert-base,qnli,0.9,0.8999999953230605,0.5053999633900788,0.2554291229946929,0.5053999633900788,0.33935051043774495,417.65528106689453,32,3.2000001496620634,27.53312799998942,581.118135215372
bert-base,qnli,0.95,0.9499999976615303,0.4946000366099213,0.2446291962145355,0.4946000366099213,0.3273507162082076,417.65528106689453,32,1.60000007483103,27.51566773331433,581.4868879459593
bert-base,qnli,0.99,0.9900000018707757,0.4946000366099213,0.2446291962145355,0.4946000366099213,0.3273507162082076,417.65528106689453,32,0.3199999401351761,27.3422098333261,585.1758178118571
distilbert,qnli,0.0,,0.8923668314113125,0.89242663410288,0.8923668314113125,0.8923535337276749,255.41699981689453,32,32.0,18.941603799991448,844.7014396957887
distilbert,qnli,0.1,0.10000000464482336,0.891085484166209,0.8911999571200321,0.891085484166209,0.8910650026388459,255.41699981689453,32,28.79999985136565,19.723932100002155,811.1972764293916
distilbert,qnli,0.2,0.20000000928964673,0.8865092440051254,0.8874939688074925,0.8865092440051254,0.8864005587066576,255.41699981689453,32,25.599999702731303,20.271707133345746,789.2773852124647
distilbert,qnli,0.3,0.29999999071035327,0.8874244920373421,0.8876835718889675,0.8874244920373421,0.8873865597571506,255.41699981689453,32,22.400000297268697,20.014759366677026,799.410060689449
distilbert,qnli,0.4,0.39999999535517666,0.8817499542375984,0.8817489025569438,0.8817499542375984,0.8817489556245928,255.41699981689453,32,19.200000148634345,19.250851000000086,831.1320886541549
distilbert,qnli,0.5,0.5,0.8515467691744463,0.8541227650464287,0.8515467691744463,0.8511914361130221,255.41699981689453,32,16.0,18.91298946666211,845.9794274301886
distilbert,qnli,0.6,0.6000000046448234,0.5464030752333883,0.7022542511225998,0.5464030752333883,0.4329854010134806,255.41699981689453,32,12.799999851365651,18.29188823333728,874.704666675129
distilbert,qnli,0.7,0.7000000092896467,0.5053999633900788,0.2554291229946929,0.5053999633900788,0.33935051043774495,255.41699981689453,32,9.599999702731306,17.94064656666402,891.8296194369054
distilbert,qnli,0.8,0.7999999907103533,0.5053999633900788,0.2554291229946929,0.5053999633900788,0.33935051043774495,255.41699981689453,32,6.400000297268694,17.634823099994417,907.2957471291598
distilbert,qnli,0.9,0.8999999953551766,0.5053999633900788,0.2554291229946929,0.5053999633900788,0.33935051043774495,255.41699981689453,32,3.2000001486343486,17.28674466667144,925.5646628973319
distilbert,qnli,0.95,0.9500000092896467,0.5053999633900788,0.2554291229946929,0.5053999633900788,0.33935051043774495,255.41699981689453,32,1.5999997027313064,17.244918100004725,927.8095672716252
distilbert,qnli,0.99,0.9899999972131059,0.5053999633900788,0.2554291229946929,0.5053999633900788,0.33935051043774495,255.41699981689453,32,0.32000008918060985,17.014262199988178,940.3875297049976
distilbert,qqp,0.0,,0.90375958446698,0.904498486585093,0.90375958446698,0.9040283194132759,255.41699981689453,32,32.0,17.358328399996026,921.7477415626993
distilbert,qqp,0.1,0.10000000464482336,0.9039079891169923,0.9048559280436069,0.9039079891169923,0.904232168172588,255.41699981689453,32,28.79999985136565,17.27720076666325,926.075943440581
distilbert,qqp,0.2,0.20000000928964673,0.9041058619836755,0.9048826069310547,0.9041058619836755,0.9043846303394559,255.41699981689453,32,25.599999702731303,17.24614660000346,927.7434763309266
distilbert,qqp,0.3,0.29999999071035327,0.9026712837002226,0.9031619691397351,0.9026712837002226,0.902866156015451,255.41699981689453,32,22.400000297268697,17.071919299996807,937.2115530093322
distilbert,qqp,0.4,0.39999999535517666,0.9000494682166708,0.9000452741446602,0.9000494682166708,0.9000473659427544,255.41699981689453,32,19.200000148634345,16.995577266667777,941.4213915157603
distilbert,qqp,0.5,0.5,0.879940638139995,0.8792219792401709,0.879940638139995,0.8792459180489014,255.41699981689453,32,16.0,16.954897900010714,943.680114994375
distilbert,qqp,0.6,0.6000000046448234,0.7393272322532772,0.7743563344109187,0.7393272322532772,0.7019335057957369,255.41699981689453,32,12.799999851365651,16.916724866662964,945.809553924382
distilbert,qqp,0.7,0.7000000092896467,0.6318327974276527,0.3992126839052533,0.6318327974276527,0.48928135840210346,255.41699981689453,32,9.599999702731306,16.80628850000782,952.0245948409463
distilbert,qqp,0.8,0.7999999907103533,0.4689339599307445,0.6134851205690419,0.4689339599307445,0.43265440069395644,255.41699981689453,32,6.400000297268694,16.66775423333699,959.9373602472839
distilbert,qqp,0.9,0.8999999953551766,0.36816720257234725,0.13554708904994778,0.36816720257234725,0.19814404086737375,255.41699981689453,32,3.2000001486343486,16.571863800011972,965.491883899531
distilbert,qqp,0.95,0.9500000092896467,0.36816720257234725,0.13554708904994778,0.36816720257234725,0.19814404086737375,255.41699981689453,32,1.5999997027313064,16.51821386665991,968.627729920251
distilbert,qqp,0.99,0.9899999972131059,0.36816720257234725,0.13554708904994778,0.36816720257234725,0.19814404086737375,255.41699981689453,32,0.32000008918060985,16.380449899997984,976.7741483096853
bert-base,qqp,0.0,,0.9142221122928519,0.9144853031503483,0.9142221122928519,0.9143328550080116,417.65528106689453,32,32.0,27.76882539998648,576.1856963531411
bert-base,qqp,0.1,0.10000000467693947,0.9137521642344794,0.914087380099623,0.9137521642344794,0.9138883398370539,417.65528106689453,32,28.799999850337937,28.109731400005938,569.1978970669431
bert-base,qqp,0.2,0.19999999766153026,0.9123917882760326,0.9129491764227836,0.9123917882760326,0.9125986433102421,417.65528106689453,32,25.60000007483103,27.86437830000068,574.2098326306318
bert-base,qqp,0.3,0.30000000233846974,0.9103883255008657,0.9123140289156065,0.9103883255008657,0.9108940744781021,417.65528106689453,32,22.39999992516897,27.746874666687898,576.6415206109372
bert-base,qqp,0.4,0.3999999953230605,0.906208261192184,0.9102365854665356,0.906208261192184,0.9070183164593598,417.65528106689453,32,19.200000149662063,27.64311920000182,578.805882369416
bert-base,qqp,0.5,0.5,0.8873608706406134,0.8977403529816176,0.8873608706406134,0.8888624537098164,417.65528106689453,32,16.0,27.604169066671602,579.6225911149737
bert-base,qqp,0.6,0.6000000046769395,0.760375958446698,0.8244484783661497,0.760375958446698,0.7636641531396847,417.65528106689453,32,12.799999850337937,27.444156466663117,583.0020689262384
bert-base,qqp,0.7,0.6999999976615303,0.6661142715805095,0.6525698780262572,0.6661142715805095,0.6209875134111831,417.65528106689453,32,9.60000007483103,27.18193996664316,588.6261252741602
bert-base,qqp,0.8,0.8000000023384697,0.6318327974276527,0.3992126839052533,0.6318327974276527,0.48928135840210346,417.65528106689453,32,6.39999992516897,26.94062529999428,593.8986130364018
bert-base,qqp,0.9,0.8999999953230605,0.421444471926787,0.5038663359958989,0.421444471926787,0.4055551086088635,417.65528106689453,32,3.2000001496620634,26.660947133344358,600.128717107319
bert-base,qqp,0.95,0.9499999976615303,0.6318327974276527,0.3992126839052533,0.6318327974276527,0.48928135840210346,417.65528106689453,32,1.60000007483103,26.352326033338613,607.1570296966661
bert-base,qqp,0.99,0.9900000018707757,0.6318327974276527,0.3992126839052533,0.6318327974276527,0.48928135840210346,417.65528106689453,32,0.3199999401351761,26.11378130001564,612.7033008425485
distilbert,mnli,0.0,,0.8232297503820682,0.8239155177168446,0.8232297503820682,0.823475490664271,255.4199333190918,32,32.0,19.655605399990844,814.017155635789
distilbert,mnli,0.1,0.10000000928948104,0.8228222109016811,0.8235667876238136,0.8228222109016811,0.8230693807606332,255.4199333190918,32,28.799999702736606,20.500112933314085,780.483505239569
distilbert,mnli,0.2,0.19999999535525947,0.8226184411614875,0.8229215735255538,0.8226184411614875,0.8226264175244801,255.4199333190918,32,25.600000148631697,19.565616933323327,817.7610782489296
distilbert,mnli,0.3,0.3000000046447405,0.8205807437595517,0.8203927229138906,0.8205807437595517,0.8204225704054655,255.4199333190918,32,22.399999851368303,18.98854203333637,842.6134019089159
distilbert,mnli,0.4,0.39999999071051895,0.8051961283749364,0.8053651752338384,0.8051961283749364,0.8051118050852161,255.4199333190918,32,19.200000297263394,18.755872733314995,853.0661424024329
distilbert,mnli,0.5,0.5,0.7694345389709628,0.7685181507424774,0.7694345389709628,0.7681763617728431,255.4199333190918,32,16.0,18.467548133321543,866.3846377706593
distilbert,mnli,0.6,0.600000009289481,0.4577687213448803,0.5788682955862727,0.4577687213448803,0.4003923536558457,255.4199333190918,32,12.799999702736606,18.365732366661785,871.1876924137174
distilbert,mnli,0.7,0.6999999953552595,0.3597554763117677,0.22762562244465992,0.3597554763117677,0.2566822373978292,255.4199333190918,32,9.600000148631697,18.47343683333141,866.1084639719764
distilbert,mnli,0.8,0.8000000046447405,0.32002037697401936,0.2187488227489499,0.32002037697401936,0.1790748334995057,255.4199333190918,32,6.399999851368303,18.303663966677657,874.1419220287511
distilbert,mnli,0.9,0.899999990710519,0.31818644931227713,0.1012426165259543,0.31818644931227713,0.15360894747290796,255.4199333190918,32,3.2000002972633936,17.861625866650378,895.7751169715048
distilbert,mnli,0.95,0.9499999953552595,0.31818644931227713,0.1012426165259543,0.31818644931227713,0.15360894747290796,255.4199333190918,32,1.6000001486316968,17.737787100001395,902.0290924564509
distilbert,mnli,0.99,0.9899999897815709,0.31818644931227713,0.1012426165259543,0.31818644931227713,0.15360894747290796,255.4199333190918,32,0.3200003269897316,17.28622620000048,925.5924234058418
bert-base,mnli,0.0,,0.8431991849210392,0.846162608718673,0.8431991849210392,0.843889446841071,417.6582145690918,32,32.0,31.70607919999687,504.63508587973183
bert-base,mnli,0.1,0.09999999532310253,0.8446255731023943,0.8471176605078307,0.8446255731023943,0.8452285442855201,417.6582145690918,32,28.80000014966072,30.962449366673656,516.7549831255131
bert-base,mnli,0.2,0.20000000233844872,0.8456444218033622,0.8468990659045441,0.8456444218033622,0.8460170424662121,417.6582145690918,32,25.59999992516964,29.49064703334443,542.544895061446
bert-base,mnli,0.3,0.2999999976615513,0.8465613856342333,0.8465629170247849,0.8465613856342333,0.8465430035377515,417.6582145690918,32,22.40000007483036,29.068906566665948,550.4163000870354
bert-base,mnli,0.4,0.40000000467689745,0.8379011716760061,0.8383578843357699,0.8379011716760061,0.83754884905449,417.6582145690918,32,19.19999985033928,29.528652466660787,541.8466019763258
bert-base,mnli,0.5,0.5,0.7844116148751911,0.7988251850185407,0.7844116148751911,0.7828684150370722,417.6582145690918,32,16.0,29.20172403332799,547.9128554786411
bert-base,mnli,0.6,0.5999999953231026,0.4414671421293938,0.6261255618032038,0.4414671421293938,0.3494114738868762,417.6582145690918,32,12.800000149660718,28.44604623332998,562.4683257827564
bert-base,mnli,0.7,0.7000000023384487,0.35557819663779927,0.26462042674919733,0.35557819663779927,0.18916723205490102,417.6582145690918,32,9.59999992516964,27.922891600004125,573.0065578164417
bert-base,mnli,0.8,0.7999999976615513,0.3544574630667346,0.12564009312370553,0.3544574630667346,0.18552091379707683,417.6582145690918,32,6.400000074830359,27.509415633327688,581.6190432128258
bert-base,mnli,0.9,0.9000000046768974,0.31818644931227713,0.10125293266784607,0.31818644931227713,0.1536208210871518,417.6582145690918,32,3.1999998503392817,27.274281500012876,586.6332354160254
bert-base,mnli,0.95,0.9500000023384487,0.31818644931227713,0.1012426165259543,0.31818644931227713,0.15360894747290796,417.6582145690918,32,1.5999999251696408,27.007796099981835,592.4215341662314
bert-base,mnli,0.99,0.989999998129241,0.31818644931227713,0.1012426165259543,0.31818644931227713,0.15360894747290796,417.6582145690918,32,0.32000005986428803,26.82269430000209,596.5097995393683
